test_number,time,input_encoder,output_encoder,input_gyro,output_gyro,inout_acceleration,output_acceleration,velocity_in
0,9075,430,-25,352.62,-0.06,11.28,9.61,91.70
0,15594,923,-26,351.75,-0.06,12.54,9.61,76.15
0,21547,1166,-40,351.75,0.06,12.54,10.29,56.17
0,27432,1281,-47,352.75,0.06,13.39,9.06,32.44
0,34725,1313,-40,352.75,0.19,10.35,9.08,0.06
0,44243,1242,-23,359.19,0.44,10.42,9.98,-41.67
0,54013,942,2,363.25,0.37,11.52,8.54,-76.54
0,63028,331,8,364.12,0.19,11.44,8.54,-95.78
0,68982,1,-1,363.44,-0.06,11.44,9.07,-99.98
0,74692,-195,-19,363.44,-0.06,10.38,9.07,-97.23
0,80752,-333,-31,360.44,-0.13,13.51,10.04,-87.28
0,90679,-420,-39,354.19,0.06,12.44,9.51,-57.45
0,100552,-408,-43,349.81,0.25,12.89,9.46,-16.47
0,110335,-372,-52,347.81,0.31,12.89,9.66,27.34
0,116461,-302,-56,347.50,0.31,12.14,9.66,52.60
0,122369,-128,-58,347.50,0.37,12.14,9.54,73.19
0,128079,138,-61,347.69,0.44,12.59,9.93,88.16
0,135787,622,-70,348.25,0.44,13.52,9.46,98.98
0,144828,921,-82,348.25,0.50,12.95,11.11,96.49
0,154386,1247,-52,350.94,0.56,11.55,8.78,76.61
0,163341,1506,-23,356.25,0.81,12.25,8.78,45.09
0,169228,1568,-11,360.12,0.56,12.25,9.81,20.02
0,174933,1558,-9,360.12,0.56,11.51,9.81,-5.64
0,181114,1497,9,363.44,0.25,11.33,9.68,-32.96
0,190677,1258,26,366.06,0.13,11.18,8.62,-69.49
0,200150,697,29,366.56,-0.19,11.93,10.82,-93.08
0,209407,211,18,365.37,-0.31,11.93,9.00,-99.90
0,216406,-83,-8,362.06,-0.31,10.29,9.00,-93.56
0,222114,-244,-23,362.06,-0.31,10.29,10.66,-81.44
0,228072,-325,-31,356.00,-0.31,11.83,9.10,-63.06
0,235255,-326,-35,356.00,-0.06,13.20,9.70,-34.99
0,244769,-309,-38,351.69,0.19,13.06,9.48,7.27
0,254434,-217,-49,348.87,0.25,11.90,9.50,48.80
0,263864,54,-50,348.31,0.31,12.19,9.50,80.53
0,269756,360,-54,348.50,0.31,12.19,9.44,93.30
0,275464,707,-62,348.50,0.44,13.46,9.44,99.40
0,281492,914,-83,349.37,0.44,13.14,9.37,98.68
0,291258,1265,-51,352.12,0.50,11.63,10.20,82.30
0,300528,1552,-18,357.31,0.75,12.19,8.76,52.05
0,309522,1649,-2,361.12,0.44,12.19,9.81,14.03
0,316314,1632,3,364.62,0.44,11.37,9.81,-16.56
0,322020,1557,24,364.62,0.13,11.37,9.73,-41.18
0,327979,1374,34,367.00,0.13,11.56,8.31,-63.95
0,334750,1013,34,367.00,0.06,10.75,10.82,-84.15
0,344522,390,32,367.37,-0.25,11.55,8.76,-99.17
0,354163,1,0,366.00,-0.31,10.77,8.76,-95.32
0,363280,-271,-26,361.69,-0.31,11.36,9.77,-75.22
0,368992,-330,-32,355.69,-0.31,11.36,9.82,-55.90
0,374704,-320,-35,355.69,-0.06,12.98,9.82,-32.86
0,380412,-307,-38,351.69,0.19,13.30,9.34,-7.67
0,389408,-267,-46,348.87,0.31,13.30,9.52,32.41
0,398786,-98,-49,348.37,0.37,11.96,9.81,68.46
0,407927,316,-54,348.69,0.37,12.37,9.59,91.98
0,415757,747,-68,348.69,0.44,13.13,9.59,99.88
0,421706,942,-81,349.50,0.44,13.13,9.37,97.60
0,427822,1156,-60,352.50,0.44,10.48,9.32,87.93
0,434594,1398,-36,352.50,0.56,11.75,9.32,69.49
0,443697,1588,-11,357.75,0.75,12.15,8.89,34.91
0,452500,1622,-4,361.31,0.44,11.43,9.81,-4.14
0,461775,1521,21,364.75,0.19,11.61,9.52,-44.47
0,468481,1337,29,366.87,0.19,11.61,9.52,-69.19
0,474389,1007,31,366.87,0.06,11.28,8.28,-85.79
0,480346,535,46,367.12,-0.19,11.28,10.62,-96.37
0,488816,121,10,365.75,-0.25,11.76,8.90,-99.36
0,497797,-215,-21,361.50,-0.25,14.04,9.32,-86.83
0,507345,-365,-35,355.06,-0.25,11.80,10.07,-58.11
0,515238,-360,-39,355.06,0.06,12.96,10.07,-26.01
0,520937,-340,-43,350.81,0.06,12.96,9.33,-0.55
0,526750,-309,-47,348.37,0.25,13.14,9.33,25.46
0,532874,-220,-52,348.37,0.37,11.90,9.66,50.93
0,541597,67,-55,348.06,0.44,12.61,9.76,80.09
0,550732,590,-61,348.37,0.50,13.23,9.41,97.39
0,560283,906,-84,349.62,0.50,13.23,11.51,97.95
0,567267,1141,-62,353.19,0.50,11.37,11.51,86.84
0,572975,1341,-42,353.19,0.69,11.52,8.52,71.31
0,578787,1499,-24,358.12,0.69,11.52,9.66,50.65
0,586572,1581,-11,361.37,0.75,12.37,9.66,17.81
0,595167,1562,-5,361.37,0.50,11.38,9.48,-20.81
0,604762,1398,24,364.69,0.25,11.72,9.49,-60.00
0,613767,993,27,366.62,0.13,10.92,9.09,-86.78
0,619703,542,39,366.69,0.13,10.92,10.09,-96.85
0,625560,230,19,366.69,-0.13,11.89,10.09,-99.99
0,631478,-48,-5,365.25,-0.25,13.56,9.82,-96.08
0,640811,-314,-30,361.06,-0.25,12.02,8.68,-76.30
0,650672,-373,-38,354.69,0.06,13.18,10.09,-40.97
0,659894,-354,-42,350.37,0.06,13.18,9.51,-0.51
0,667508,-306,-50,348.19,0.31,12.33,9.51,33.27
0,673218,-214,-54,348.19,0.37,11.90,9.37,56.25
0,679177,-16,-54,348.00,0.37,11.90,9.63,76.23
0,687028,414,-58,348.31,0.44,12.50,9.63,93.97
0,695599,796,-89,348.31,0.50,13.16,9.56,99.93
0,705163,1114,-64,349.62,0.50,11.28,11.34,89.10
0,714058,1431,-33,353.56,0.75,11.53,8.60,64.22
0,720168,1567,-14,358.50,0.75,11.53,8.60,40.88
0,726066,1614,-7,358.50,0.75,12.45,9.93,15.38
0,732036,1593,-3,361.75,0.44,11.34,9.12,-11.53
0,741021,1472,25,365.19,0.19,11.79,8.94,-49.85
0,750511,1139,30,367.00,0.06,11.06,10.38,-81.40
0,759275,523,45,366.75,0.06,11.06,9.41,-97.51
0,767136,162,14,365.12,-0.19,10.59,9.41,-99.13
0,772844,-87,-9,365.12,-0.19,10.59,10.46,-92.49
0,778825,-254,-25,360.50,-0.25,13.74,8.96,-78.97
0,786514,-328,-31,354.62,-0.25,11.65,8.96,-53.34
0,795573,-316,-35,354.62,0.06,13.27,9.76,-15.23
0,804515,-280,-44,350.56,0.31,12.03,9.58,24.88
0,812238,-177,-48,348.56,0.37,12.03,9.70,56.52
0,819094,55,-50,348.50,0.37,12.05,9.70,78.99
0,824795,364,-54,348.50,0.44,12.59,9.76,92.01
0,830659,714,-62,348.81,0.44,12.59,9.61,99.06
0,838600,985,-77,350.25,0.50,13.29,10.33,97.55
0,848581,1355,-41,354.37,0.50,11.19,8.68,78.18
0,858604,1624,-8,359.31,0.69,11.52,8.68,42.98
0,867036,1703,2,362.75,0.69,11.01,9.89,6.30
0,872732,1674,7,362.75,0.69,11.01,9.71,-19.33
0,878919,1573,34,366.19,0.37,11.63,9.71,-45.67
0,886405,1309,38,366.19,0.13,11.43,8.39,-72.62
0,894737,762,42,367.81,0.00,10.74,11.16,-92.82
0,902483,373,31,367.62,-0.25,10.77,9.64,-99.95
0,911753,-30,-4,365.31,-0.25,10.77,10.72,-92.56
0,919252,-255,-25,359.94,-0.31,13.46,10.72,-74.69
0,924967,-313,-30,359.94,-0.25,11.41,9.51,-55.22
0,931025,-303,-34,354.75,-0.25,13.45,9.33,-30.61
0,939213,-286,-37,350.75,0.06,13.45,9.53,5.92
0,948836,-202,-46,348.69,0.31,12.12,9.69,47.44
0,958414,68,-48,348.69,0.37,11.98,9.69,80.01
0,966445,517,-53,348.69,0.44,13.48,9.10,96.10
0,972327,787,-72,349.06,0.44,13.48,9.93,99.99
0,978030,980,-78,350.62,0.50,13.26,9.93,97.05
0,984806,1222,-54,350.62,0.50,11.63,9.84,85.25
0,992316,1483,-27,354.69,0.75,11.42,8.78,62.97
0,1000841,1628,-6,359.50,0.75,11.17,9.77,29.13
0,1009666,1653,-1,362.87,0.75,11.17,9.66,-10.33
0,1018034,1550,17,366.06,0.44,11.61,9.66,-46.34
0,1023736,1383,34,366.06,0.19,11.79,8.85,-67.41
0,1029644,1059,34,367.50,0.19,11.79,8.85,-84.51
0,1037478,476,45,367.25,0.13,11.41,10.76,-97.81
0,1045767,115,9,367.25,-0.19,10.78,9.77,-98.64
0,1053317,-179,-18,364.94,-0.25,13.45,9.99,-87.44
0,1061543,-331,-31,359.00,-0.25,11.79,9.96,-63.83
0,1069544,-338,-36,353.69,-0.19,11.79,9.96,-32.45
0,1075252,-319,-39,353.69,0.13,13.29,9.22,-7.23
0,1081387,-293,-44,349.94,0.13,12.28,9.70,20.36
0,1089496,-179,-50,348.37,0.31,12.28,9.74,54.11
0,1098431,129,-53,348.44,0.44,11.81,9.74,82.81
0,1107239,642,-62,348.94,0.50,13.24,9.34,98.07
0,1114402,875,-87,348.94,0.50,13.18,9.89,99.19
0,1121440,1117,-63,350.94,0.50,13.18,9.89,90.24
0,1127146,1324,-44,350.94,0.75,11.08,9.09,76.26
0,1133029,1502,-24,355.37,0.69,12.36,9.38,56.57
0,1140757,1607,-8,359.69,0.69,11.10,9.53,24.92
0,1149793,1612,-3,363.00,0.37,11.10,9.61,-15.61
0,1159219,1468,24,366.06,0.19,11.63,9.61,-55.05
0,1166988,1182,31,366.06,0.06,11.88,8.62,-80.42
0,1172873,752,34,367.19,0.06,11.88,8.62,-93.22
0,1178799,360,31,366.81,-0.19,11.60,10.65,-99.48
0,1185575,34,2,366.81,-0.25,10.42,9.58,-97.93
0,1192798,-226,-22,364.50,-0.19,14.20,9.14,-86.25
0,1201243,-362,-34,358.69,-0.19,13.06,10.15,-61.18
0,1210370,-360,-38,353.06,0.13,13.06,10.15,-24.31
0,1218661,-333,-44,349.37,0.31,13.23,9.38,12.89
0,1224367,-290,-49,349.37,0.31,12.08,9.72,37.77
0,1230320,-161,-53,348.12,0.37,12.08,9.72,61.04
0,1238641,175,-56,348.19,0.44,11.76,9.92,85.87
0,1246864,657,-67,348.19,0.50,13.28,9.18,98.62
0,1254226,892,-86,348.69,0.56,12.86,9.57,98.61
0,1262021,1161,-60,351.00,0.56,10.73,8.95,86.82
0,1269851,1439,-32,355.81,0.81,10.73,8.95,64.23
0,1275568,1565,-15,355.81,0.69,12.39,9.79,42.50
0,1281504,1617,-6,359.87,0.69,12.39,9.23,16.97
0,1289729,1594,0,363.19,0.37,11.14,9.23,-20.00
0,1299010,1438,27,366.25,0.13,11.49,9.36,-58.19
0,1307215,1101,30,367.19,0.00,10.94,9.69,-83.72
0,1314296,565,43,367.19,-0.19,11.58,9.81,-96.68
0,1321544,197,17,366.62,-0.19,11.58,9.81,-99.76
0,1327255,-62,-6,366.62,-0.25,10.39,9.11,-94.69
0,1333156,-243,-23,364.06,-0.25,14.41,8.92,-82.85
0,1341310,-345,-33,358.06,-0.19,13.05,9.82,-57.10
0,1350827,-336,-37,352.81,0.19,13.05,9.72,-17.65
0,1359808,-304,-44,349.37,0.31,13.13,9.72,22.67
0,1367655,-209,-49,349.37,0.37,11.98,9.66,55.10
0,1373566,-27,-51,348.31,0.37,11.98,9.66,75.18
0,1379813,292,-55,348.44,0.44,12.71,9.79,90.58
0,1387198,721,-68,348.44,0.50,13.38,9.31,99.46
0,1393781,937,-81,348.94,0.56,13.16,9.44,98.12
0,1401800,1224,-54,351.25,0.56,11.67,8.59,84.90
0,1411281,1539,-20,356.31,0.81,11.67,8.59,55.25
0,1419623,1660,-2,360.37,0.69,12.40,9.91,20.66
0,1425331,1673,0,360.37,0.69,11.09,9.20,-5.00
0,1431432,1614,12,363.87,0.31,11.09,9.20,-32.02
0,1439845,1395,35,366.75,0.13,11.69,9.22,-64.91
0,1449346,881,37,367.75,0.00,10.88,10.44,-90.69
0,1457083,424,36,367.75,-0.25,11.62,9.66,-99.64
0,1464223,122,10,366.87,-0.25,10.84,8.97,-97.18
0,1472015,-185,-18,363.75,-0.31,10.84,8.97,-83.08
0,1477730,-294,-29,357.87,-0.19,11.61,9.15,-66.10
0,1484528,-306,-32,357.87,-0.19,13.06,9.45,-40.29
0,1491969,-292,-35,353.31,0.13,13.38,9.81,-7.81
0,1501663,-243,-45,349.69,0.31,12.10,9.77,35.24
0,1511585,-43,-47,348.62,0.37,12.10,9.77,72.35
0,1519346,313,-52,348.81,0.44,12.60,9.39,91.67
0,1525053,678,-59,348.81,0.44,13.08,9.64,98.83
0,1530761,877,-84,349.44,0.50,13.08,9.64,99.45
0,1538573,1155,-59,351.69,0.50,13.43,9.35,89.68
0,1546398,1443,-31,351.69,0.81,11.57,8.75,68.79
0,1554769,1618,-7,356.69,0.62,12.32,9.85,37.10
0,1562691,1674,-1,360.81,0.62,12.32,9.85,2.18
0,1571060,1604,15,364.31,0.31,10.96,9.24,-34.91
0,1576767,1476,33,364.31,0.13,11.43,8.32,-57.67
0,1582698,1217,35,367.00,0.13,10.82,8.32,-77.26
0,1590778,625,47,367.75,0.00,10.82,11.02,-94.84
0,1600467,197,17,366.75,-0.25,11.17,9.71,-99.33
0,1610334,-188,-18,363.06,-0.31,11.20,8.76,-84.63
0,1616996,-313,-30,363.06,-0.13,11.88,9.87,-65.01
0,1623809,-321,-34,356.75,-0.13,11.88,9.87,-38.91
0,1629694,-307,-37,352.50,0.19,12.83,9.35,-13.32
0,1636448,-283,-42,352.50,0.37,13.35,9.70,17.10
0,1643190,-210,-48,349.31,0.37,11.90,9.74,45.89
0,1652569,71,-50,348.50,0.44,12.74,9.39,78.38
0,1662646,633,-58,348.75,0.50,12.74,9.39,97.71
0,1671052,906,-84,349.56,0.50,13.06,9.89,98.63
0,1676757,1101,-64,349.56,0.50,12.86,10.07,91.15
0,1682674,1313,-45,352.44,0.56,11.75,10.07,77.04
0,1690511,1537,-19,357.44,0.88,11.75,9.11,50.13
0,1700138,1636,-5,360.94,0.69,12.33,9.74,8.96
0,1708354,1603,4,364.31,0.37,11.13,9.47,-27.81
0,1714862,1479,26,364.31,0.37,11.51,8.19,-54.48
0,1723089,1124,32,366.81,0.19,11.51,8.19,-81.23
0,1728799,707,36,367.37,0.00,10.71,10.50,-93.43
0,1735534,326,26,367.37,0.00,11.29,9.52,-99.82
0,1742586,5,0,366.37,-0.19,13.00,9.07,-96.67
0,1752635,-304,-29,362.50,-0.25,12.19,10.04,-75.62
0,1762758,-362,-36,356.19,-0.06,12.19,10.04,-38.91
0,1770699,-342,-41,351.62,0.25,12.79,9.40,-4.06
0,1776403,-313,-46,351.62,0.25,13.29,9.55,21.56
0,1782325,-235,-52,348.75,0.37,13.29,9.55,46.63
0,1790475,7,-53,348.12,0.44,11.94,9.77,75.37
0,1798825,448,-57,348.44,0.56,12.90,9.47,94.29
0,1807310,806,-89,348.44,0.56,13.05,9.67,99.90
0,1815069,1060,-68,349.50,0.56,12.04,11.47,92.30
0,1823130,1351,-41,352.69,0.62,12.04,11.47,72.52
0,1828837,1520,-21,357.75,0.88,11.85,9.72,52.54
0,1834834,1599,-8,357.75,0.88,12.36,9.35,27.83
0,1842493,1610,-5,361.12,0.69,11.48,9.35,-6.43
0,1852237,1501,17,364.56,0.37,11.74,9.80,-48.37
0,1862030,1169,29,366.87,0.19,11.74,8.44,-81.21
0,1868860,680,34,366.87,0.06,11.15,10.14,-95.10
0,1875760,280,22,367.12,0.06,11.41,10.14,-100.00
0,1881591,5,-1,366.00,-0.19,11.41,9.30,-96.60
0,1889439,-254,-24,362.37,-0.25,13.40,9.74,-81.60
0,1896620,-349,-33,362.37,0.00,12.20,10.08,-58.89
0,1905404,-342,-37,355.94,0.00,12.97,9.52,-23.04
0,1914115,-315,-43,351.31,0.31,12.00,9.52,16.07
0,1922128,-230,-50,348.69,0.44,12.00,9.55,50.01
0,1927831,-79,-51,348.69,0.44,11.79,9.95,70.45
0,1933997,204,-55,348.31,0.44,12.62,9.95,87.26
0,1942405,700,-66,348.56,0.50,13.38,9.33,99.15
0,1951948,1013,-73,349.56,0.56,13.38,9.52,95.49
0,1961524,1364,-40,353.00,0.62,11.86,11.41,74.22
0,1968076,1555,-17,353.00,0.88,11.80,9.89,51.42
0,1975308,1643,-3,356.44,0.88,12.45,9.89,21.14
0,1981075,1651,-1,359.81,0.62,12.45,8.99,-4.77
0,1988832,1572,15,363.31,0.62,11.69,9.72,-38.80
0,1995424,1400,32,363.31,0.31,11.59,9.80,-64.16
0,2004532,889,35,365.44,0.19,10.99,9.50,-89.50
0,2013946,354,29,365.62,0.00,10.99,9.50,-99.93
0,2021859,21,1,361.06,-0.19,11.49,8.73,-94.89
0,2027574,-184,-18,361.06,-0.19,13.37,8.73,-83.67
0,2033524,-289,-28,356.56,-0.25,11.77,11.00,-66.10
0,2041356,-299,-32,350.81,0.00,11.77,9.44,-35.97
0,2050396,-281,-35,348.31,0.31,13.12,9.82,4.08
0,2059890,-203,-46,348.06,0.37,12.16,9.58,45.30
0,2066709,-47,-47,348.06,0.37,12.20,9.31,70.22
0,2074540,329,-51,348.31,0.44,12.20,9.31,90.55
0,2080599,698,-60,349.44,0.50,12.43,9.77,98.65
0,2087375,926,-82,349.44,0.50,12.25,9.44,98.99
0,2094082,1165,-58,353.12,0.56,12.05,9.44,90.24
0,2103757,1512,-24,358.19,0.62,11.71,10.26,63.49
0,2113545,1683,2,361.69,0.88,11.71,9.82,24.28
0,2120497,1716,5,365.12,0.56,10.99,9.15,-6.91
0,2127295,1652,14,365.12,0.56,11.76,9.15,-36.77
0,2133004,1510,35,367.06,0.25,11.76,9.78,-59.29
0,2140875,1120,39,367.31,0.13,11.46,10.46,-83.64
0,2149952,506,46,365.50,-0.06,10.82,9.58,-98.56
0,2159175,128,11,360.44,-0.25,11.94,8.30,-96.96
0,2166292,-157,-15,360.44,-0.25,13.31,10.79,-84.24
0,2174625,-296,-29,354.81,-0.25,13.31,10.79,-58.50
0,2180684,-295,-33,350.75,0.00,11.81,9.30,-34.37
0,2187466,-280,-35,350.75,0.00,13.14,9.30,-4.42
0,2194376,-245,-42,348.31,0.31,12.04,9.74,26.51
0,2204169,-64,-47,348.12,0.44,12.07,9.57,65.27
0,2214076,370,-51,348.44,0.44,12.07,9.41,91.65
0,2220871,733,-62,349.94,0.56,13.00,9.96,99.46
0,2227880,962,-79,349.94,0.56,12.09,9.96,97.75
0,2233590,1163,-58,353.75,0.56,12.29,9.37,89.12
0,2241517,1449,-31,358.44,0.69,12.29,9.58,67.55
0,2250812,1632,-4,361.81,0.88,11.73,9.77,31.58
0,2260636,1668,1,365.12,0.62,10.99,9.32,-12.26
0,2267427,1591,10,365.12,0.62,11.62,9.59,-41.69
0,2275347,1337,36,366.81,0.31,11.65,9.59,-70.91
0,2281372,995,36,366.87,0.19,11.65,10.68,-87.27
0,2289040,450,41,364.81,0.19,11.56,10.68,-98.67
0,2295154,184,16,364.81,0.06,11.66,9.89,-99.36
0,2304740,-205,-20,359.56,-0.19,13.56,8.30,-85.43
0,2314761,-354,-34,353.81,0.13,13.56,9.93,-54.06
0,2322051,-343,-38,349.69,0.37,12.22,9.20,-23.92
0,2328692,-322,-42,349.69,0.37,13.17,9.20,5.88
0,2334878,-281,-47,347.69,0.50,12.09,9.66,33.21
0,2342662,-124,-51,347.62,0.56,12.09,9.66,63.69
0,2351929,269,-56,348.00,0.62,12.00,9.23,89.55
0,2361594,758,-78,349.75,0.62,13.23,9.97,99.97
0,2368407,972,-78,349.75,0.62,12.22,10.40,96.00
0,2376430,1254,-51,353.87,0.75,11.87,10.40,79.81
0,2382139,1452,-30,358.44,0.94,11.87,9.38,61.78
0,2389953,1589,-9,361.69,0.94,11.83,9.53,30.75
0,2396525,1613,-6,361.69,0.69,11.04,9.55,1.54
0,2406004,1526,18,364.94,0.37,11.52,9.55,-40.16
0,2415454,1264,29,366.37,0.25,11.52,9.49,-74.50
0,2422585,822,32,366.06,0.00,11.72,9.88,-91.80
0,2429253,371,33,366.06,0.00,11.07,9.88,-99.44
0,2435412,82,6,364.12,-0.06,10.91,9.36,-98.52
0,2442945,-203,-20,358.94,-0.13,10.91,9.32,-87.13
0,2452257,-355,-34,353.06,0.19,13.37,10.11,-59.47
0,2462248,-353,-38,349.19,0.44,12.86,9.39,-18.40
0,2468975,-323,-44,349.19,0.44,13.06,9.48,11.89
0,2477039,-246,-51,347.56,0.50,12.08,9.48,46.51
0,2483372,-90,-52,347.56,0.56,12.08,9.75,69.63
0,2491400,288,-56,348.00,0.56,11.91,9.35,90.58
0,2498754,704,-69,348.00,0.62,13.41,9.68,99.45
0,2508242,1014,-73,349.81,0.69,12.20,10.79,94.80
0,2517168,1339,-42,354.31,0.81,11.83,10.79,74.68
0,2525097,1564,-15,358.75,0.94,11.83,9.78,46.59
0,2530978,1633,-3,362.12,0.94,12.41,9.15,21.70
0,2537759,1630,-1,362.12,0.62,10.99,9.15,-8.78
0,2544608,1554,17,365.37,0.31,11.51,9.68,-38.72
0,2554471,1257,32,366.69,0.25,11.09,9.38,-74.71
0,2564378,617,43,366.25,0.00,11.09,9.53,-96.13
0,2570664,331,27,363.81,0.00,11.33,8.86,-100.00
0,2578240,-6,-1,363.81,-0.13,11.24,8.86,-94.02
0,2583952,-201,-20,358.50,-0.13,13.52,10.04,-82.20
0,2591949,-309,-30,353.44,0.13,13.52,9.84,-56.73
0,2599590,-302,-33,349.56,0.13,13.17,9.77,-25.49
0,2608684,-279,-38,349.56,0.37,13.04,9.52,15.29
0,2617387,-180,-47,348.00,0.50,12.12,9.52,52.02
0,2625319,67,-48,348.06,0.56,12.12,9.54,78.69
0,2631200,377,-52,348.50,0.56,12.70,9.58,92.14
0,2637962,754,-65,348.50,0.62,13.34,9.58,99.56
0,2644829,987,-77,350.50,0.62,12.40,9.38,97.65
0,2654481,1348,-42,355.19,0.81,11.80,10.90,79.39
0,2663504,1610,-9,359.56,0.88,11.80,9.85,48.74
0,2670106,1698,3,359.56,0.88,12.25,9.28,20.90
0,2677987,1701,7,363.06,0.56,11.06,9.28,-14.53
0,2683705,1637,21,366.19,0.31,11.06,9.68,-39.34
0,2691956,1373,38,367.44,0.31,11.65,9.05,-70.15
0,2699546,930,40,366.94,0.19,10.75,9.60,-90.04
0,2708667,384,32,366.94,-0.06,11.22,9.08,-99.93
0,2717535,2,-1,364.06,-0.19,11.98,9.08,-93.47
0,2725449,-245,-24,358.19,-0.13,11.98,10.45,-75.10
0,2731520,-307,-30,353.31,-0.13,12.03,9.36,-54.39
0,2738276,-296,-33,353.31,0.19,13.14,9.36,-26.63
0,2744978,-278,-37,349.50,0.44,13.11,9.85,3.35
0,2754341,-206,-46,348.06,0.50,12.04,9.60,44.11
0,2763294,21,-47,348.19,0.56,12.04,9.55,75.90
0,2770082,356,-51,348.75,0.56,12.79,9.83,92.02
0,2778066,783,-70,348.75,0.62,13.17,9.83,99.92
0,2783966,979,-78,350.75,0.62,12.35,9.28,97.46
0,2792208,1280,-48,355.56,0.62,12.35,10.03,82.62
0,2800003,1540,-19,359.75,0.81,11.76,9.77,58.10
0,2808050,1661,0,359.75,0.88,12.20,9.77,25.32
0,2817462,1674,4,363.25,0.56,11.01,9.30,-16.88
0,2824994,1569,20,366.19,0.31,11.01,9.73,-48.83
0,2831740,1330,37,367.19,0.31,11.62,9.24,-72.79
0,2838712,875,39,367.19,0.19,10.76,9.24,-90.46
0,2845172,447,40,366.62,0.00,11.08,9.67,-98.90
0,2853956,52,4,363.56,-0.13,12.09,8.86,-96.92
0,2863444,-263,-26,357.25,-0.13,12.09,10.03,-77.88
0,2870217,-340,-33,352.37,-0.13,12.66,9.14,-55.34
0,2878550,-329,-36,352.37,0.25,12.72,9.14,-20.81
0,2884258,-307,-41,348.81,0.44,13.10,9.77,4.84
0,2892379,-245,-48,347.75,0.44,13.10,9.58,40.38
0,2900110,-74,-50,347.87,0.56,12.01,9.69,69.27
0,2908976,340,-55,347.87,0.62,12.95,9.69,91.93
0,2918130,786,-79,348.56,0.69,13.31,10.01,100.00
0,2925838,1039,-70,350.94,0.69,13.31,9.85,93.66
0,2932281,1271,-49,355.81,0.69,12.31,8.74,79.65
0,2939466,1503,-23,355.81,0.88,11.87,8.74,56.19
0,2945764,1604,-7,359.69,0.94,12.19,9.71,30.68
0,2954465,1619,-3,363.12,0.62,11.06,9.32,-8.15
0,2963920,1506,22,365.87,0.37,11.06,9.52,-48.74
0,2970702,1303,31,366.62,0.37,11.83,9.52,-72.83
0,2979038,741,34,366.62,0.25,11.24,8.50,-92.94
0,2984745,397,35,365.81,0.00,10.65,9.64,-99.28
0,2992830,33,2,362.81,0.00,10.65,8.57,-97.00
0,3000652,-234,-23,356.44,-0.06,12.62,9.77,-82.57
0,3009393,-342,-33,356.44,-0.06,12.76,9.77,-54.48
0,3018217,-330,-36,351.75,0.31,12.84,9.36,-17.63
0,3025265,-302,-43,348.50,0.50,12.84,9.66,14.11
0,3032401,-232,-49,347.69,0.50,12.95,9.63,44.77
0,3039924,-31,-51,347.87,0.56,12.03,9.63,72.04
0,3046030,251,-54,347.87,0.62,12.96,9.67,88.22
0,3054741,736,-70,348.69,0.69,13.22,9.84,99.54
0,3064634,1059,-68,351.44,0.69,13.22,11.48,93.90
0,3071402,1306,-46,356.56,0.69,11.35,8.53,79.18
0,3079654,1555,-16,356.56,0.94,12.01,8.53,51.47
0,3085768,1641,-3,360.19,0.88,12.12,9.29,26.11
0,3093702,1648,1,363.69,0.88,12.12,9.61,-9.45
0,3101912,1550,23,366.31,0.56,11.18,9.57,-44.92
0,3112007,1206,34,366.94,0.31,11.68,8.60,-79.70
0,3119823,667,41,366.94,0.25,11.15,8.60,-95.68
0,3127748,261,22,365.94,0.00,11.16,9.13,-99.80
0,3133776,-14,-2,362.62,0.00,11.16,9.86,-94.41
0,3141883,-259,-25,356.50,-0.06,13.16,9.86,-76.32
0,3148830,-326,-31,356.50,-0.06,12.43,9.04,-52.62
0,3158440,-315,-35,351.75,0.31,12.93,9.57,-11.93
0,3166700,-273,-44,348.56,0.50,11.95,9.59,25.12
0,3173192,-191,-48,347.87,0.50,11.95,9.60,52.06
0,3181255,77,-50,348.06,0.56,11.87,9.60,79.08
0,3188034,450,-53,348.06,0.62,13.10,9.42,93.86
0,3194832,779,-74,348.87,0.69,13.12,9.52,99.90
0,3202732,1044,-70,351.94,0.69,13.12,11.19,95.16
0,3212379,1406,-36,357.06,0.69,11.41,8.78,73.25
0,3220352,1611,-8,360.69,0.94,11.99,8.78,44.53
0,3228202,1690,2,360.69,0.88,12.11,9.15,10.63
0,3234321,1673,5,364.25,0.88,12.11,9.62,-16.93
0,3242376,1545,33,366.69,0.56,11.68,9.62,-50.93
0,3249843,1277,37,366.69,0.31,11.61,9.31,-76.56
0,3259242,624,50,367.25,0.19,11.57,9.95,-96.28
0,3267715,261,22,366.00,-0.06,12.53,8.62,-99.40
0,3274503,-38,-5,362.19,-0.06,12.53,10.70,-91.46
0,3282415,-254,-25,356.00,-0.13,12.78,10.70,-71.50
0,3289663,-296,-30,356.00,-0.06,12.09,9.04,-45.19
0,3295999,-283,-33,351.87,0.31,13.19,9.86,-18.14
0,3303903,-259,-39,348.75,0.31,13.19,9.61,17.41
0,3312916,-143,-46,348.12,0.50,11.92,9.60,55.02
0,3320874,124,-47,348.37,0.56,12.16,9.60,80.90
0,3328485,572,-52,348.37,0.62,12.83,9.70,95.99
0,3334632,823,-75,349.31,0.62,12.83,9.33,100.00
0,3342629,1101,-64,352.50,0.69,11.72,9.33,93.75
0,3350462,1398,-36,357.62,0.69,11.59,10.25,75.86
0,3359226,1622,-7,357.62,0.94,11.96,8.73,44.83
0,3366934,1706,3,361.19,0.88,12.00,9.29,11.61
0,3373889,1689,8,364.75,0.88,12.00,9.64,-19.69
0,3381898,1554,35,366.94,0.50,11.66,9.64,-53.15
0,3388653,1300,39,366.94,0.31,11.66,8.71,-76.16
0,3395424,828,42,367.44,0.19,11.52,10.70,-92.15
0,3403263,372,31,366.06,0.19,11.52,8.27,-99.90
0,3413006,-59,-7,361.75,-0.06,12.21,8.27,-92.25
0,3421254,-283,-27,355.50,-0.13,12.89,10.91,-71.85
0,3428892,-324,-33,355.50,0.00,12.30,9.30,-44.06
0,3435064,-310,-36,351.19,0.00,12.87,9.79,-17.62
0,3443018,-287,-42,348.31,0.37,12.87,9.79,18.15
0,3451254,-189,-48,347.87,0.56,11.96,9.68,52.69
0,3459835,91,-50,347.87,0.56,12.11,9.54,80.93
0,3467305,520,-54,348.12,0.69,12.88,9.50,95.82
0,3474298,817,-80,349.19,0.69,12.88,9.34,99.97
0,3482449,1097,-64,352.62,0.69,12.05,9.34,92.31
0,3489551,1362,-40,352.62,1.00,11.34,9.58,75.45
0,3496012,1551,-17,357.69,1.25,11.96,8.90,53.35
0,3503862,1651,-2,361.19,1.25,11.14,9.36,20.62
0,3513236,1645,4,364.69,1.12,11.14,9.36,-21.45
0,3521440,1505,29,366.69,0.94,11.64,9.79,-55.40
0,3528491,1224,35,366.69,0.81,11.68,8.70,-78.70
0,3535170,733,38,366.94,0.81,11.21,10.50,-93.49
0,3543181,291,24,365.50,0.56,11.21,10.50,-100.00
0,3550935,-53,-6,360.87,0.50,12.20,8.68,-93.93
0,3557904,-258,-25,360.87,0.62,12.79,9.99,-78.68
0,3565300,-331,-32,354.69,0.62,12.67,9.85,-54.06
0,3573181,-320,-35,350.44,1.00,12.67,9.85,-21.31
0,3580893,-295,-41,348.06,1.12,12.76,9.62,13.36
0,3587217,-239,-46,348.06,1.19,12.13,9.63,40.77
0,3594655,-54,-50,347.87,1.19,12.13,9.66,68.62
0,3602705,317,-54,348.19,1.25,12.15,9.66,90.02
0,3611689,773,-74,349.56,1.31,13.25,9.16,99.90
0,3618512,993,-76,349.56,1.31,11.05,10.38,96.53
0,3625348,1237,-52,353.31,1.31,11.05,9.07,84.01
0,3633201,1507,-24,358.19,1.62,12.05,9.07,59.90
0,3640065,1626,-5,358.19,1.44,12.07,9.36,32.58
0,3646395,1659,-1,361.50,1.12,11.20,9.52,4.56
0,3654452,1599,14,364.94,1.12,11.46,9.62,-31.33
0,3663540,1383,32,366.75,0.94,11.46,9.62,-66.66
0,3671267,987,34,366.75,0.75,11.66,8.63,-88.15
0,3677913,500,48,366.75,0.56,10.61,9.30,-98.18
0,3684976,171,15,365.06,0.56,10.61,9.51,-99.18
0,3693086,-165,-16,360.44,0.50,12.24,9.51,-88.00
0,3700471,-317,-30,360.44,0.69,12.59,8.91,-67.57
0,3707545,-335,-35,354.37,1.00,12.97,10.10,-40.97
0,3715372,-320,-38,350.12,1.00,12.97,9.53,-6.81
0,3723328,-278,-46,348.00,1.12,12.70,9.53,28.75
0,3731037,-155,-50,348.00,1.19,11.93,9.48,59.74
0,3736863,45,-51,347.87,1.25,11.92,9.53,78.56
0,3744740,502,-55,348.19,1.25,11.92,9.53,95.20
0,3753066,842,-85,349.62,1.31,13.32,9.48,99.79
0,3762366,1165,-59,353.69,1.37,11.01,10.71,88.42
0,3769047,1415,-34,353.69,1.62,12.03,8.97,70.51
0,3775813,1581,-12,358.50,1.62,11.93,9.78,45.88
0,3783663,1657,-1,361.81,1.44,11.93,9.78,12.14
0,3791525,1630,5,365.25,1.12,11.21,9.73,-23.17
0,3797899,1527,27,365.25,0.94,11.62,9.55,-49.87
0,3805165,1249,34,366.87,0.94,11.62,9.46,-75.17
0,3814708,596,48,366.81,0.75,11.62,9.46,-95.86
0,3822866,257,22,364.69,0.56,10.65,8.87,-99.68
0,3829661,-41,-5,364.69,0.50,13.09,10.36,-92.58
0,3836687,-247,-24,359.37,0.50,12.27,8.90,-76.14
0,3844822,-309,-31,354.19,0.69,12.27,8.90,-47.74
0,3853332,-296,-34,350.25,1.00,13.21,9.61,-11.26
0,3862947,-251,-44,348.19,1.12,12.71,9.62,31.64
0,3869622,-158,-46,348.19,1.19,11.94,9.61,58.41
0,3876397,86,-48,348.19,1.19,13.18,9.34,80.17
0,3884272,554,-53,348.50,1.25,13.18,9.34,95.98
0,3892094,867,-82,350.00,1.31,13.31,9.52,99.76
0,3898926,1106,-63,350.00,1.37,10.93,11.12,92.94
0,3905758,1364,-40,354.31,1.37,12.14,8.58,77.31
0,3915557,1621,-7,359.00,1.62,12.14,8.58,42.65
0,3923806,1706,3,362.50,1.37,11.84,9.86,6.76
0,3930840,1677,9,362.50,1.06,11.36,9.65,-24.78
0,3937929,1544,34,365.75,1.06,11.63,9.22,-54.05
0,3945499,1229,38,367.37,0.94,11.63,9.22,-79.15
0,3954248,613,52,367.25,0.75,11.55,10.31,-96.59
0,3963985,194,16,364.87,0.56,10.73,8.95,-98.41
0,3971158,-109,-11,364.87,0.50,12.85,10.41,-87.62
0,3977654,-260,-26,359.31,0.50,12.43,9.16,-69.92
0,3985816,-288,-30,354.12,0.69,13.30,9.16,-39.42
0,3994110,-271,-34,350.19,1.00,13.30,9.38,-3.01
0,4001902,-224,-42,348.37,1.12,12.60,9.66,31.67
0,4009895,-74,-45,348.37,1.19,11.82,9.72,63.16
0,4017691,246,-49,348.37,1.19,13.12,9.24,86.05
0,4025528,708,-59,348.87,1.25,13.12,9.24,98.38
0,4033306,965,-79,350.75,1.31,13.21,9.23,98.53
0,4040108,1211,-54,350.75,1.31,11.15,9.84,88.74
0,4046831,1462,-29,355.31,1.37,12.04,8.81,70.87
0,4054893,1636,-5,359.62,1.62,12.04,8.81,41.06
0,4064531,1714,4,363.12,1.37,11.77,9.73,-1.27
0,4071635,1660,12,363.12,1.06,11.39,9.58,-32.77
0,4078188,1509,36,366.19,1.06,11.72,8.77,-58.93
0,4086476,1105,39,367.50,0.94,11.25,8.77,-84.42
0,4094503,547,51,367.19,0.75,11.25,11.04,-97.95
0,4102317,218,18,364.56,0.56,10.80,8.74,-98.87
0,4110275,-125,-13,364.56,0.50,12.69,10.11,-87.26
0,4118071,-290,-28,358.75,0.50,12.52,9.65,-65.02
0,4126116,-305,-32,353.75,0.75,12.52,9.65,-33.73
0,4133830,-286,-36,349.81,1.06,13.33,9.37,0.47
0,4141157,-241,-43,349.81,1.19,12.65,9.69,32.98
0,4147441,-130,-47,348.19,1.19,12.09,9.90,58.12
0,4155452,177,-49,348.25,1.25,12.09,9.90,83.19
0,4164978,711,-61,348.75,1.31,13.25,9.28,98.76
0,4172383,946,-80,350.94,1.31,12.99,10.04,98.43
0,4178716,1170,-58,350.94,1.31,11.47,8.64,89.44
0,4186976,1472,-28,355.69,1.44,12.15,8.64,66.96
0,4195083,1638,-3,359.75,1.69,12.15,9.22,35.88
0,4202909,1692,2,363.19,1.37,11.82,9.60,1.31
0,4210869,1629,15,363.19,1.06,11.34,9.58,-33.99
0,4218659,1434,35,366.19,1.06,11.56,7.91,-64.35
0,4226737,1016,37,367.37,0.94,11.56,7.91,-87.45
0,4234717,472,43,366.81,0.75,11.62,10.67,-98.94
0,4242595,133,11,364.06,0.56,10.56,8.67,-97.79
0,4249304,-145,-15,364.06,0.56,12.67,9.62,-87.08
0,4256120,-287,-28,358.12,0.56,12.84,9.62,-68.06
0,4265895,-308,-32,353.12,0.81,12.84,9.91,-30.18
0,4273328,-284,-37,349.44,1.12,13.28,9.49,2.96
0,4279625,-246,-43,349.44,1.12,12.44,9.65,30.92
0,4287776,-87,-47,348.12,1.19,12.17,9.65,63.11
0,4295660,234,-51,348.25,1.25,12.17,9.85,86.21
0,4303785,705,-61,348.94,1.31,13.07,9.44,98.66
0,4311953,973,-78,351.31,1.37,13.21,11.34,97.90
0,4319274,1237,-52,351.31,1.37,11.55,8.75,85.95
0,4327150,1515,-23,356.19,1.50,11.55,8.75,62.74
0,4335108,1656,-1,360.12,1.69,12.15,9.54,31.30
0,4342930,1694,3,363.62,1.37,11.73,9.37,-3.53
0,4349685,1636,12,363.62,1.37,11.37,9.66,-33.42
0,4356689,1462,36,366.44,1.06,11.52,9.66,-61.12
0,4366499,941,38,367.50,0.94,11.52,8.25,-89.17
0,4373929,483,44,366.69,0.75,11.40,10.10,-99.11
0,4380029,232,20,366.69,0.75,10.75,9.91,-98.99
0,4388599,-139,-14,363.50,0.56,11.78,9.91,-86.30
0,4396125,-294,-29,357.62,0.56,11.78,9.03,-64.48
0,4404143,-306,-33,353.06,0.81,12.60,9.72,-33.18
0,4413311,-287,-36,349.31,1.12,13.44,9.76,7.63
0,4419895,-234,-44,349.31,1.12,11.85,9.47,36.54
0,4427744,-53,-48,348.19,1.25,11.85,9.47,66.61
0,4435459,284,-52,348.31,1.25,12.40,9.87,88.10
0,4443283,726,-62,349.06,1.25,13.19,9.52,99.03
0,4450030,945,-80,349.06,1.37,13.22,11.12,98.63
0,4457106,1198,-55,351.69,1.37,11.40,11.12,88.42
0,4466879,1540,-20,356.69,1.50,11.40,8.92,59.95
0,4474041,1668,1,360.44,1.69,12.15,9.73,31.37
0,4480382,1705,4,360.44,1.69,11.73,9.26,3.23
0,4488756,1643,18,364.00,1.37,11.51,9.26,-33.95
0,4496077,1468,35,366.75,1.06,11.51,9.39,-62.68
0,4504168,1056,38,367.56,0.94,11.56,10.21,-86.40
0,4511591,533,50,367.56,0.69,11.77,9.36,-98.16
0,4519320,195,16,366.69,0.69,10.60,10.79,-98.76
0,4527601,-153,-15,363.31,0.56,10.60,10.79,-86.17
0,4535498,-306,-30,357.06,0.56,12.00,8.97,-63.00
0,4543461,-314,-34,352.44,0.88,12.85,9.51,-31.60
0,4550431,-294,-38,352.44,0.88,13.29,9.51,-0.63
0,4557442,-253,-44,349.00,1.12,11.92,9.85,30.57
0,4567243,-57,-48,348.12,1.25,11.92,9.50,68.45
0,4574273,234,-52,348.31,1.31,12.15,9.21,87.81
0,4580757,646,-58,348.31,1.31,13.04,9.79,97.89
0,4589511,953,-80,349.12,1.37,11.54,9.79,98.20
0,4596459,1203,-55,351.75,1.37,11.54,10.36,87.56
0,4604551,1495,-26,356.81,1.50,11.62,8.80,64.47
0,4612886,1652,-1,360.62,1.69,12.12,9.80,31.81
0,4619834,1695,3,360.62,1.69,11.78,9.16,0.96
0,4627900,1630,17,364.19,1.37,11.78,9.16,-34.77
0,4635682,1433,36,366.75,1.06,11.57,8.95,-64.96
0,4643963,993,38,367.50,0.94,11.59,10.80,-88.27
0,4650899,511,48,367.50,0.94,11.69,10.80,-98.46
0,4657982,197,17,366.44,0.69,13.08,9.64,-98.96
0,4667829,-200,-20,362.81,0.62,13.08,10.69,-83.10
0,4675496,-325,-31,356.62,0.62,11.92,9.29,-59.25
0,4681818,-323,-35,356.62,0.62,12.95,9.33,-34.13
0,4690915,-307,-38,352.00,0.94,13.28,9.33,6.30
0,4697839,-253,-46,348.75,1.00,11.85,9.80,36.74
0,4705665,-77,-50,348.00,1.06,11.85,9.66,66.69
0,4714675,331,-54,348.19,1.19,12.27,9.15,90.76
0,4721380,705,-63,348.19,1.19,13.27,9.96,99.15
0,4729209,962,-79,349.12,1.19,11.66,9.96,97.50
0,4736941,1240,-52,352.19,1.37,11.39,9.43,84.00
0,4744876,1515,-23,357.25,1.44,11.39,8.93,59.59
0,4752518,1644,-2,360.81,1.44,12.15,9.77,28.87
0,4758763,1673,1,360.81,1.12,11.31,9.77,1.05
0,4768489,1589,23,364.31,0.88,11.31,9.22,-41.63
0,4776056,1382,33,366.75,0.75,11.54,8.27,-69.72
0,4782158,1049,36,366.75,0.75,11.54,10.83,-86.61
0,4791317,408,34,367.25,0.50,11.80,10.83,-99.40
0,4797896,132,10,366.12,0.44,13.04,9.65,-98.23
0,4805748,-178,-18,362.37,0.44,13.04,10.03,-85.60
0,4814991,-326,-31,355.87,0.75,12.15,9.68,-57.24
0,4821824,-322,-35,355.87,0.75,13.05,9.26,-29.60
0,4829885,-303,-39,351.50,1.00,12.56,9.26,6.40
0,4837647,-242,-46,348.62,1.06,11.89,9.71,40.32
0,4845490,-58,-49,348.00,1.12,11.89,9.83,69.59
0,4853325,302,-54,348.25,1.12,12.25,9.24,90.18
0,4859858,689,-62,348.25,1.19,13.27,9.24,98.86
0,4868882,993,-76,349.25,1.19,13.27,9.94,96.72
0,4876083,1254,-51,352.50,1.37,11.62,8.81,83.52
0,4882420,1481,-27,357.62,1.37,11.27,9.30,64.57
0,4891736,1648,-2,357.62,1.44,12.16,9.30,27.70
0,4898184,1683,2,361.12,1.12,11.42,9.60,-1.09
0,4906063,1614,16,364.69,0.88,11.42,9.48,-35.90
0,4914846,1375,35,366.87,0.75,11.54,8.04,-69.21
0,4921612,1019,37,366.87,0.75,11.49,10.30,-87.73
0,4929640,452,41,367.31,0.50,10.53,10.30,-99.06
0,4937237,117,9,365.94,0.44,12.89,9.42,-97.88
0,4945170,-191,-19,361.87,0.44,12.89,9.10,-84.47
0,4952794,-319,-31,355.56,0.44,12.04,9.10,-61.41
0,4959508,-321,-34,355.56,0.75,13.14,10.06,-35.01
0,4968861,-304,-38,351.19,1.00,13.14,9.45,6.52
0,4975713,-248,-46,348.44,1.06,12.40,9.51,36.64
0,4982576,-99,-50,348.06,1.06,11.83,9.95,63.30
0,4991784,301,-54,348.06,1.12,12.24,9.95,89.20
0,4998248,677,-62,348.31,1.19,13.03,9.41,98.44
0,5006133,936,-81,349.56,1.19,13.03,9.71,98.39
0,5014842,1249,-51,353.19,1.44,10.87,8.83,83.99
0,5021864,1500,-24,353.19,1.44,11.63,8.83,62.84
0,5029985,1646,-2,358.06,1.44,11.61,9.70,30.73
0,5037372,1682,2,361.50,1.12,11.46,9.27,-2.17
0,5045249,1610,17,365.00,0.88,11.46,9.74,-36.90
0,5052975,1406,35,367.06,0.88,11.52,9.74,-66.48
0,5059536,1074,36,367.06,0.75,11.54,8.78,-85.42
0,5069113,421,35,367.25,0.50,10.45,9.81,-99.35
0,5076003,142,11,365.69,0.44,10.45,8.94,-98.05
0,5082765,-137,-14,361.19,0.44,13.77,8.84,-87.59
0,5091935,-307,-30,361.19,0.44,11.78,8.84,-60.72
0,5098324,-313,-34,355.12,0.75,13.17,9.82,-35.57
0,5106196,-298,-37,351.06,1.00,13.17,9.79,-0.77
0,5114656,-243,-46,348.50,1.00,12.54,9.60,36.61
0,5122039,-102,-48,348.50,1.06,11.79,9.60,65.09
0,5130503,263,-53,348.19,1.12,12.09,9.43,88.73
0,5138313,712,-62,348.50,1.19,13.15,9.58,99.20
0,5146140,971,-78,349.69,1.25,13.15,9.58,97.42
0,5153973,1256,-50,353.37,1.25,11.53,8.97,83.54
0,5160848,1501,-24,353.37,1.44,11.36,8.97,62.72
0,5170244,1661,0,358.37,1.44,11.61,9.75,25.04
0,5177176,1689,3,361.81,1.12,11.61,9.20,-6.03
0,5183778,1626,14,365.31,1.12,11.43,9.44,-35.13
0,5193157,1358,37,367.19,0.88,11.50,9.44,-70.54
0,5199177,1057,37,367.19,0.75,11.73,9.65,-87.00
0,5206688,500,47,367.37,0.50,11.73,9.55,-98.46
0,5215587,94,7,365.50,0.50,10.67,8.74,-97.45
0,5222770,-181,-18,360.94,0.44,13.25,8.98,-85.18
0,5231099,-318,-31,360.94,0.50,12.07,8.98,-59.95
0,5239025,-318,-35,354.81,0.81,13.13,9.56,-28.06
0,5246628,-296,-39,350.56,1.00,13.13,9.87,5.93
0,5254739,-233,-47,348.37,1.00,12.37,9.38,41.34
0,5261500,-82,-49,348.37,1.06,11.90,9.38,66.83
0,5270898,355,-53,348.19,1.12,13.28,9.33,91.55
0,5278503,748,-68,348.50,1.25,13.28,9.82,99.75
0,5286190,1001,-76,349.94,1.25,13.19,9.31,96.17
0,5294888,1323,-44,353.94,1.25,11.02,8.82,78.33
0,5301784,1545,-18,353.94,1.44,12.20,8.82,55.48
0,5308358,1645,-2,358.62,1.44,11.62,9.82,28.67
0,5317150,1665,2,362.00,1.12,11.62,9.22,-10.65
0,5323844,1593,12,365.50,1.12,11.34,9.16,-39.81
0,5331680,1355,35,365.50,0.88,11.62,9.16,-69.17
0,5339312,909,37,367.19,0.81,11.34,10.30,-89.52
0,5346819,425,37,367.12,0.50,11.34,9.67,-99.25
0,5354897,74,6,365.12,0.50,10.72,8.24,-97.07
0,5361833,-187,-18,365.12,0.44,13.72,8.24,-84.91
0,5370898,-323,-31,359.94,0.50,13.12,9.42,-56.83
0,5377924,-319,-35,354.31,0.88,13.12,9.21,-28.28
0,5385088,-299,-39,350.25,0.88,13.18,9.71,3.73
0,5394828,-225,-48,348.31,1.06,12.51,9.71,45.97
0,5401834,-66,-49,348.31,1.12,11.81,9.65,71.35
0,5408437,237,-53,348.19,1.19,13.27,9.18,88.81
0,5417672,757,-68,348.56,1.25,13.27,9.93,99.82
0,5424453,980,-78,349.94,1.25,13.37,9.33,96.98
0,5432276,1266,-49,349.94,1.25,11.13,9.33,82.52
0,5440056,1530,-20,354.06,1.50,12.24,8.93,58.00
0,5447207,1648,-2,358.94,1.44,12.24,9.73,29.11
0,5455385,1674,2,362.37,1.44,11.54,9.33,-7.44
0,5462775,1598,15,362.37,1.12,11.41,9.33,-39.74
0,5471376,1340,36,365.75,0.88,11.46,8.58,-71.57
0,5478421,931,37,367.31,0.75,11.52,10.89,-89.84
0,5485481,445,40,367.12,0.75,11.52,9.85,-99.08
0,5495002,13,1,364.94,0.50,10.69,9.85,-95.68
0,5502096,-224,-22,364.94,0.44,13.47,8.78,-81.62
0,5508584,-319,-31,359.62,0.56,13.27,9.93,-61.43
0,5517814,-317,-34,353.94,0.88,13.27,9.28,-24.17
0,5524809,-291,-40,349.94,0.88,13.16,9.66,7.21
0,5532670,-229,-47,349.94,1.06,12.25,9.66,41.47
0,5541645,-5,-49,348.25,1.12,12.26,9.77,74.03
0,5548465,316,-53,348.25,1.19,13.29,9.26,90.94
0,5556636,762,-68,348.69,1.19,13.29,9.95,99.82
0,5565179,1049,-70,350.44,1.25,13.29,10.15,94.70
0,5573027,1342,-42,350.44,1.25,11.57,10.15,77.64
0,5580924,1576,-14,354.69,1.50,12.18,9.25,50.72
0,5587956,1668,1,359.31,1.44,11.58,9.52,21.23
0,5596843,1669,5,362.75,1.44,11.58,9.48,-18.68
0,5604661,1550,27,366.00,1.06,11.37,9.48,-51.54
0,5611430,1301,36,366.00,0.88,11.25,8.68,-74.97
0,5619650,722,42,367.37,0.75,11.43,10.45,-93.88
0,5626142,382,31,367.19,0.75,11.43,9.51,-99.83
0,5633968,38,3,364.75,0.50,10.58,9.51,-95.65
0,5642858,-255,-25,364.75,0.44,11.63,9.71,-76.62
0,5649171,-327,-32,358.94,0.56,13.09,9.99,-55.42
0,5656959,-316,-35,353.81,0.56,13.09,9.60,-23.31
0,5665439,-293,-41,349.87,0.88,13.28,9.60,14.77
0,5673378,-212,-47,349.87,1.06,12.37,9.60,48.57
0,5681243,17,-49,348.19,1.12,12.45,9.93,75.97
0,5688419,388,-53,348.25,1.19,13.30,9.21,92.74
0,5697145,810,-77,348.69,1.19,13.30,9.73,99.99
0,5705255,1086,-66,350.62,1.25,13.34,9.73,92.94
0,5712298,1350,-41,350.62,1.31,11.65,10.99,76.72
0,5720649,1585,-12,355.25,1.56,12.31,9.68,47.66
0,5727614,1671,1,359.62,1.56,12.31,9.23,18.09
0,5735182,1667,4,363.06,1.44,11.48,9.57,-15.97
0,5744537,1521,31,366.19,1.06,11.49,9.57,-55.09
0,5751308,1276,36,366.19,0.88,11.21,9.21,-77.68
0,5758074,793,39,367.44,0.75,11.91,9.74,-93.04
0,5766112,325,26,367.00,0.75,11.91,8.99,-99.99
0,5773936,-25,-3,364.56,0.50,10.34,8.99,-94.21
0,5781536,-255,-25,364.56,0.44,11.87,10.14,-77.40
0,5788354,-326,-31,358.56,0.62,13.12,9.77,-54.54
0,5797050,-314,-35,353.31,0.62,13.12,9.74,-18.26
0,5805102,-286,-42,349.56,0.94,13.25,9.74,17.95
0,5811881,-216,-46,349.56,1.12,12.10,9.59,46.80
0,5820294,33,-49,348.19,1.12,12.44,9.77,76.27
0,5827210,386,-53,348.31,1.12,12.44,9.54,92.47
0,5835373,793,-74,348.81,1.25,13.38,9.54,99.98
0,5844051,1088,-65,351.06,1.25,13.27,9.38,93.20
0,5850547,1332,-43,351.06,1.31,11.73,11.01,78.71
0,5857749,1555,-17,355.81,1.31,12.27,9.77,54.84
0,5866192,1670,1,359.94,1.56,12.27,9.19,19.73
0,5874303,1674,5,363.44,1.37,11.45,9.19,-16.74
0,5881849,1566,26,363.44,1.06,11.52,9.69,-48.76
0,5887975,1360,36,366.44,0.94,11.22,9.66,-70.78
0,5896963,764,40,367.50,0.94,11.22,9.63,-92.94
0,5904775,370,31,367.00,0.69,11.65,9.63,-99.97
0,5911521,85,7,367.00,0.62,13.92,8.93,-96.10
0,5918928,-191,-19,364.06,0.62,13.92,10.52,-81.66
0,5926098,-299,-29,357.94,0.81,11.38,10.52,-59.02
0,5934396,-296,-33,353.37,1.12,12.95,9.31,-25.33
0,5941500,-274,-37,353.37,1.31,13.39,9.81,6.51
0,5948442,-222,-44,349.69,1.31,11.89,9.60,37.01
0,5956437,-39,-47,348.44,1.31,11.89,9.60,67.47
0,5964657,333,-51,348.56,1.44,12.34,9.24,89.67
0,5972452,753,-62,348.56,1.44,13.18,9.89,99.44
0,5978649,954,-79,349.19,1.44,10.40,9.20,98.49
0,5986162,1228,-52,351.69,1.50,10.40,9.91,87.08
0,5995347,1549,-19,356.56,1.75,11.91,9.91,59.84
0,6002105,1669,1,356.56,1.56,12.29,9.74,32.96
0,6008802,1710,4,360.44,1.25,11.52,9.30,3.31
0,6016710,1653,17,364.00,1.25,11.52,9.30,-31.89
0,6024886,1460,36,366.81,1.06,11.44,9.72,-63.98
0,6032291,1096,39,366.81,0.88,11.32,11.14,-85.68
0,6038599,618,52,367.75,0.69,11.96,9.66,-96.73
0,6047310,199,17,367.00,0.69,11.96,8.23,-99.06
0,6055311,-137,-14,363.94,0.62,13.45,8.23,-87.79
0,6062090,-287,-28,363.94,0.88,11.85,11.02,-69.25
0,6069849,-311,-32,357.69,1.19,12.98,9.32,-40.24
0,6076925,-295,-36,352.81,1.19,12.98,9.32,-9.40
0,6085176,-258,-43,349.31,1.31,12.33,9.71,27.53
0,6093758,-120,-47,348.31,1.37,11.93,9.62,61.86
0,6099866,100,-49,348.31,1.44,12.39,9.54,80.94
0,6107457,557,-53,348.50,1.44,12.39,9.96,95.99
0,6115660,880,-81,349.12,1.50,13.12,9.96,99.63
0,6123429,1154,-59,349.12,1.56,10.31,9.71,90.56
0,6129956,1403,-35,351.62,1.56,11.79,8.97,74.31
0,6137139,1593,-11,356.81,1.81,12.33,9.71,49.07
0,6146005,1693,2,360.62,1.56,12.33,9.71,11.18
0,6153540,1678,8,364.19,1.25,11.53,9.45,-22.67
0,6159650,1581,30,364.19,1.06,11.59,9.72,-48.38
0,6167546,1275,38,366.81,1.06,11.59,10.70,-75.92
0,6175752,707,46,367.69,0.94,11.13,10.70,-94.35
0,6183420,339,29,367.69,0.69,10.75,9.66,-100.00
0,6190089,50,4,366.87,0.69,13.69,8.86,-95.21
0,6197943,-216,-22,363.25,0.69,13.69,9.90,-78.64
0,6205941,-301,-29,357.06,0.88,11.52,9.90,-51.70
0,6213343,-288,-33,357.06,1.19,13.03,9.41,-20.71
0,6219872,-266,-38,352.69,1.19,12.39,9.59,8.65
0,6227423,-201,-45,349.31,1.31,12.39,9.59,41.51
0,6235537,4,-47,348.44,1.37,11.93,9.63,71.39
0,6243518,393,-51,348.44,1.44,12.35,9.30,91.52
0,6250532,761,-63,348.62,1.50,13.34,9.90,99.52
0,6257881,1005,-76,349.50,1.50,13.34,10.48,97.26
0,6266278,1318,-44,352.31,1.56,10.46,10.48,81.72
0,6273875,1566,-15,352.31,1.81,11.92,9.29,57.53
0,6280321,1671,1,356.00,1.81,12.27,9.43,31.60
0,6287884,1706,4,359.62,1.56,11.56,9.44,-2.05
0,6297667,1618,26,362.12,1.25,11.56,9.44,-44.65
0,6305966,1363,37,364.62,1.06,11.55,9.66,-74.34
0,6313394,887,40,364.62,0.94,11.50,10.36,-92.23
0,6320034,445,39,365.25,0.94,10.44,9.37,-99.53
0,6327804,92,7,361.87,0.75,10.44,9.37,-96.77
0,6335759,-205,-20,358.50,0.69,13.62,9.64,-81.70
0,6343505,-315,-30,358.50,0.94,11.85,10.10,-56.95
0,6351055,-308,-34,352.00,0.94,13.25,9.50,-26.15
0,6358292,-287,-38,348.81,1.25,12.27,9.51,6.27
0,6366701,-220,-46,348.12,1.37,12.27,9.51,42.86
0,6374321,-37,-48,348.31,1.37,11.87,9.61,70.86
0,6380593,246,-52,348.31,1.37,12.33,9.44,87.78
0,6388322,708,-61,349.19,1.50,13.28,9.76,98.88
0,6398330,1048,-71,352.12,1.50,10.49,9.76,95.46
0,6406567,1358,-40,357.37,1.56,10.49,10.68,78.08
0,6414406,1591,-11,361.00,1.81,11.75,9.73,51.54
0,6420516,1679,2,361.00,1.81,11.34,9.15,26.20
0,6428296,1697,5,364.56,1.56,11.34,9.15,-8.66
0,6436570,1605,24,367.00,1.25,11.55,9.59,-44.47
0,6446311,1274,38,367.50,1.06,11.56,9.46,-78.41
0,6453962,751,42,366.31,0.94,11.66,9.79,-94.81
0,6460803,369,30,366.31,0.94,10.74,8.94,-99.99
0,6468615,12,1,362.62,0.75,13.61,8.94,-94.31
0,6476970,-251,-25,356.31,0.69,13.61,9.97,-75.39
0,6484097,-316,-31,351.75,0.94,11.89,9.86,-50.69
0,6492522,-303,-34,351.75,1.25,13.26,9.74,-15.01
0,6501572,-268,-43,348.69,1.25,12.31,9.56,25.57
0,6508629,-178,-47,348.12,1.37,12.08,9.56,54.61
0,6516860,107,-49,348.37,1.44,12.08,9.66,81.34
0,6523780,505,-53,348.37,1.50,13.37,9.34,95.29
0,6530490,808,-74,349.25,1.50,13.14,9.41,100.00
0,6538614,1091,-65,352.50,1.50,10.47,11.11,93.49
0,6548761,1475,-28,357.62,1.62,11.74,11.11,68.10
0,6556589,1652,-1,361.25,1.81,11.74,9.86,38.50
0,6564508,1721,6,364.87,1.56,11.45,9.13,3.71
0,6570782,1686,11,364.87,1.56,11.49,9.74,-24.41
0,6578852,1522,37,367.19,1.25,11.49,9.74,-57.41
0,6587209,1154,40,367.62,1.06,11.51,9.16,-83.57
0,6596885,500,45,366.19,0.88,11.90,9.54,-98.97
0,6604736,187,15,362.00,0.75,10.73,8.88,-97.78
0,6611733,-111,-11,362.00,0.75,13.84,10.50,-86.40
0,6618500,-260,-26,355.94,0.69,13.84,10.50,-67.22
0,6626211,-280,-30,351.81,0.94,12.78,9.45,-37.88
0,6632677,-263,-33,351.81,1.25,13.48,9.77,-9.60
0,6639730,-233,-39,348.87,1.25,12.30,9.64,22.10
0,6649414,-77,-45,348.44,1.37,11.95,9.64,61.37
0,6657565,237,-48,348.75,1.44,11.95,9.74,85.69
0,6665429,702,-57,349.94,1.50,13.03,9.85,98.28
0,6671521,904,-78,349.94,1.50,13.31,9.17,99.60
0,6679407,1190,-55,353.37,1.50,10.48,9.17,90.21
0,6687413,1492,-26,358.37,1.56,10.48,9.94,69.08
0,6697025,1689,2,361.87,1.81,12.21,9.73,32.21
0,6704867,1747,8,365.44,1.50,11.28,9.30,-2.67
0,6711454,1698,15,365.44,1.50,11.74,9.65,-31.89
0,6718616,1530,39,367.50,1.19,11.74,9.65,-60.39
0,6726475,1150,42,367.87,1.06,11.34,8.81,-84.35
0,6732433,704,53,367.87,1.06,11.76,9.58,-95.60
0,6739946,321,28,366.31,0.88,10.92,8.63,-99.91
0,6749275,-94,-10,361.62,0.69,13.47,8.63,-89.43
0,6757153,-286,-28,355.50,0.69,13.47,10.34,-68.21
0,6764999,-310,-33,351.12,1.00,13.01,9.33,-38.55
0,6770877,-294,-36,351.12,1.00,13.40,9.69,-12.96
0,6778976,-265,-42,348.50,1.25,13.40,9.69,23.41
0,6787140,-150,-47,348.19,1.37,12.31,9.59,56.91
0,6796104,179,-50,348.50,1.44,12.56,9.66,84.72
0,6804747,681,-60,349.75,1.50,13.33,9.99,98.57
0,6811421,901,-81,349.75,1.50,13.04,9.99,99.12
0,6818841,1167,-58,353.44,1.56,13.04,9.91,89.24
0,6826144,1441,-31,358.37,1.62,10.55,8.83,69.79
0,6832335,1593,-11,358.37,1.62,12.23,9.67,47.28
0,6840208,1676,1,361.81,1.81,11.36,9.40,13.60
0,6849544,1652,10,365.31,1.56,11.49,9.40,-28.18
0,6857412,1494,31,367.12,1.25,11.49,9.73,-59.84
0,6865218,1128,37,367.25,1.12,11.09,8.41,-83.85
0,6871107,676,45,367.25,1.12,11.68,9.68,-95.23
0,6879360,250,22,365.62,0.88,11.68,9.68,-99.80
0,6887213,-94,-10,360.69,0.75,10.69,8.49,-91.38
0,6896109,-306,-30,354.62,0.75,11.76,9.97,-68.18
0,6904839,-331,-34,350.44,0.75,13.24,9.33,-34.80
0,6911705,-311,-39,350.44,1.06,13.19,9.33,-4.50
0,6919083,-274,-45,348.19,1.31,13.19,9.61,28.46
0,6926091,-163,-49,348.00,1.44,12.30,9.58,56.92
0,6932692,65,-51,348.00,1.44,12.50,9.72,78.58
0,6940707,526,-55,348.37,1.44,13.36,9.78,95.40
0,6950036,886,-83,349.87,1.56,13.16,9.78,99.31
0,6957957,1165,-58,354.00,1.56,13.16,11.35,88.90
0,6965817,1458,-30,358.69,1.69,11.42,8.81,67.40
0,6971708,1597,-10,358.69,1.69,12.40,9.33,45.58
0,6979913,1675,1,362.06,1.81,11.31,9.33,10.21
0,6987722,1648,7,365.50,1.56,11.31,9.65,-24.82
0,6996632,1466,33,367.12,1.25,11.49,9.78,-60.82
0,7005413,1057,36,367.12,1.25,10.92,8.73,-86.78
0,7012394,551,50,367.12,1.12,12.00,8.73,-97.92
0,7019407,221,19,365.19,0.88,12.00,9.25,-99.36
0,7026097,-81,-9,360.25,0.75,10.59,9.76,-91.50
0,7032928,-264,-26,360.25,0.75,11.66,8.93,-74.90
0,7040976,-315,-32,354.44,0.75,13.26,9.58,-46.41
0,7050362,-301,-35,350.25,1.06,13.30,9.58,-5.82
0,7058107,-254,-44,348.25,1.12,13.30,9.54,28.79
0,7065967,-122,-48,348.25,1.12,12.11,9.52,60.32
0,7072067,96,-49,348.25,1.25,12.42,9.52,79.76
0,7080201,580,-54,348.62,1.31,13.28,9.40,96.11
0,7087919,870,-81,350.25,1.31,13.28,9.69,99.76
0,7096963,1193,-55,354.56,1.50,13.35,10.88,88.78
0,7105869,1521,-22,359.19,1.50,11.49,9.09,63.64
0,7112834,1659,0,359.19,1.62,12.36,9.09,36.61
0,7119617,1714,5,362.62,1.25,12.36,9.19,6.81
0,7126266,1681,10,366.00,1.00,11.24,9.72,-23.05
0,7133068,1562,34,366.00,1.00,11.49,9.51,-51.43
0,7141178,1237,39,367.56,0.88,10.89,9.51,-78.76
0,7150723,587,53,367.31,0.62,11.62,9.96,-97.31
0,7158294,278,24,365.00,0.56,11.62,8.73,-99.40
0,7166571,-83,-9,359.56,0.56,13.81,10.50,-88.50
0,7172559,-242,-24,359.56,0.56,11.44,10.50,-72.82
0,7180741,-284,-30,354.44,0.81,12.89,9.04,-43.11
0,7188291,-269,-33,350.50,1.12,12.89,9.91,-10.41
0,7197404,-225,-42,348.50,1.19,13.59,9.59,30.30
0,7206365,-67,-45,348.56,1.19,11.97,9.63,65.41
0,7213355,213,-48,348.56,1.25,12.44,9.63,85.68
0,7220508,662,-53,348.94,1.31,12.44,9.39,97.63
0,7228042,931,-78,350.62,1.31,13.17,9.43,99.25
0,7234372,1161,-58,350.62,1.31,10.77,10.56,91.77
0,7243429,1502,-25,355.06,1.50,11.78,8.74,68.35
0,7253195,1701,4,359.62,1.56,12.26,8.74,30.60
0,7260012,1756,9,363.19,1.25,11.21,9.23,0.27
0,7267831,1701,20,366.44,1.00,11.21,9.81,-34.37
0,7273536,1586,38,366.44,1.00,11.39,9.16,-57.19
0,7281504,1206,43,367.94,0.88,11.28,9.16,-82.44
0,7289327,640,56,367.75,0.62,11.52,10.53,-96.94
0,7299067,204,17,365.31,0.50,13.50,8.79,-98.15
0,7307205,-134,-14,359.44,0.56,13.50,10.53,-84.70
0,7314751,-279,-27,354.25,0.56,11.77,10.53,-62.02
0,7321098,-287,-31,354.25,0.88,11.77,9.23,-37.28
0,7328051,-272,-34,350.25,1.12,12.86,9.77,-6.76
0,7334673,-240,-40,350.25,1.12,12.32,9.60,22.98
0,7343830,-90,-46,348.50,1.19,11.98,9.79,60.19
0,7353483,295,-50,348.56,1.25,12.65,9.79,88.31
0,7360182,686,-57,349.06,1.31,13.09,9.40,98.29
0,7368050,952,-78,351.12,1.37,13.09,9.23,98.55
0,7373760,1157,-58,351.12,1.37,11.21,9.83,90.96
0,7381953,1464,-29,355.62,1.56,11.72,9.83,69.74
0,7389425,1633,-5,359.81,1.62,12.23,8.79,42.04
0,7398584,1714,4,363.31,1.25,12.23,9.28,1.97
0,7407075,1654,18,366.37,1.25,11.60,9.60,-35.62
0,7414394,1473,37,366.37,1.00,11.50,9.60,-64.05
0,7420902,1153,39,367.62,0.94,11.50,8.31,-83.57
0,7427753,628,53,367.25,0.69,11.21,11.21,-96.34
0,7434531,297,26,367.25,0.69,11.80,8.78,-99.94
0,7443627,-104,-11,364.62,0.56,13.82,9.91,-90.21
0,7453541,-320,-31,358.50,0.62,11.60,9.91,-62.58
0,7460253,-332,-35,353.31,0.94,13.14,9.75,-36.41
0,7468098,-316,-38,349.50,1.19,13.14,9.67,-1.79
0,7474124,-283,-44,349.50,1.19,12.40,9.65,25.18
0,7482449,-140,-50,348.06,1.25,11.90,9.65,58.99
0,7490515,159,-53,348.12,1.31,12.61,9.97,83.92
0,7500433,706,-63,348.75,1.37,13.16,9.95,99.20
0,7508255,954,-80,351.00,1.44,13.16,10.14,97.43
0,7516093,1236,-52,355.81,1.44,11.36,10.14,83.56
0,7522029,1453,-30,355.81,1.62,11.63,8.76,66.00
0,7528876,1597,-9,359.75,1.62,11.63,9.25,39.97
0,7535574,1650,-2,359.75,1.62,12.38,9.52,10.81
0,7544465,1608,10,363.19,1.31,11.52,9.61,-28.95
0,7553976,1397,30,366.12,1.06,11.51,9.61,-66.22
0,7560436,1102,34,367.12,0.94,11.01,8.57,-85.00
0,7568307,502,48,366.50,0.94,11.01,9.56,-98.03
0,7574543,208,18,366.50,0.75,10.30,8.41,-99.66
0,7582943,-148,-15,363.87,0.62,14.07,8.41,-89.48
0,7591123,-319,-31,357.75,0.69,11.57,9.79,-67.28
0,7600864,-337,-35,352.56,1.00,13.18,10.02,-29.32
0,7608649,-313,-41,349.06,1.25,13.18,9.54,5.45
0,7616469,-256,-47,348.00,1.25,12.14,9.54,39.69
0,7622182,-146,-50,348.00,1.31,11.80,9.67,61.82
0,7628853,113,-52,348.12,1.37,11.80,9.91,82.38
0,7635619,521,-56,348.75,1.37,12.31,9.82,95.63
0,7644540,878,-83,348.75,1.44,13.04,11.33,99.43
0,7654056,1218,-54,351.12,1.44,11.39,11.33,85.93
0,7660647,1465,-28,356.19,1.69,11.48,8.73,67.12
0,7668728,1633,-4,360.19,1.69,11.48,9.68,36.19
0,7675005,1685,2,360.19,1.62,11.13,9.68,8.64
0,7683269,1643,12,363.69,1.31,11.66,9.70,-28.33
0,7691322,1475,33,366.56,1.06,11.41,9.61,-60.63
0,7700343,1028,37,367.50,0.94,10.92,9.23,-87.20
0,7708508,480,44,366.75,0.69,10.92,9.24,-98.99
0,7716455,142,11,363.56,0.69,10.81,9.24,-97.65
0,7722161,-103,-11,363.56,0.62,13.74,9.86,-88.93
0,7728721,-258,-26,357.50,0.69,13.74,9.02,-71.67
0,7735593,-293,-30,352.81,0.69,11.49,9.78,-46.92
0,7744545,-280,-33,352.81,1.00,13.37,9.56,-8.34
0,7754109,-229,-43,349.37,1.25,12.21,9.56,34.19
0,7760714,-127,-45,348.44,1.25,12.10,9.49,60.33
0,7768827,194,-48,348.62,1.25,12.10,9.33,84.92
0,7775075,577,-51,348.62,1.31,13.53,9.33,96.28
0,7783433,909,-79,349.19,1.37,13.08,9.74,99.46
0,7791193,1189,-55,351.81,1.44,11.55,10.79,89.82
0,7799827,1509,-24,356.87,1.62,11.43,9.13,66.34
0,7808522,1681,2,360.81,1.62,11.43,9.76,32.61
0,7816594,1734,7,364.37,1.62,11.14,9.76,-3.29
0,7822298,1691,12,364.37,1.25,11.14,9.77,-28.67
0,7828716,1553,36,367.06,1.25,11.71,9.56,-54.89
0,7835863,1244,41,367.94,1.00,11.53,9.13,-78.59
0,7844427,643,54,367.94,0.94,11.55,9.13,-96.12
0,7854100,232,19,366.94,0.69,10.86,8.84,-98.75
0,7860702,-54,-6,363.25,0.62,14.13,10.52,-89.75
0,7868990,-255,-25,357.00,0.62,14.13,9.11,-67.38
0,7874694,-283,-29,357.00,0.69,12.80,9.11,-46.31
0,7882608,-270,-32,352.81,1.00,13.40,9.35,-12.33
0,7888938,-242,-38,349.44,1.25,13.40,9.63,16.19
0,7897630,-127,-45,348.56,1.25,12.24,9.80,52.75
0,7907286,207,-48,348.75,1.31,12.03,9.80,83.73
0,7914298,616,-51,348.75,1.37,13.23,9.46,96.60
0,7921087,870,-76,349.69,1.44,13.23,9.30,99.90
0,7927011,1080,-67,352.56,1.44,13.14,10.17,95.13
0,7934884,1381,-38,352.56,1.44,11.53,10.17,78.41
0,7943172,1615,-8,357.50,1.69,12.31,8.75,50.25
0,7951168,1721,6,361.12,1.56,11.10,9.80,16.42
0,7959281,1722,11,364.75,1.25,11.10,9.65,-20.06
0,7967585,1590,34,367.25,1.25,11.69,9.65,-54.59
0,7973287,1378,41,367.25,1.00,11.44,9.00,-74.15
0,7980215,908,43,368.00,0.94,11.44,10.05,-91.22
0,7987313,449,38,367.06,0.94,11.60,8.29,-99.49
0,7997227,7,0,363.25,0.69,10.53,10.92,-94.04
0,8007269,-282,-27,356.69,0.62,14.24,10.92,-69.59
0,8014426,-320,-33,356.69,0.75,13.12,9.35,-43.14
0,8021065,-306,-36,352.19,1.06,13.12,9.27,-14.53
0,8027177,-285,-41,349.00,1.06,13.29,9.65,13.02
0,8035227,-199,-48,349.00,1.25,12.34,9.65,47.47
0,8044270,66,-49,348.19,1.31,12.52,9.68,78.55
0,8053189,561,-54,348.44,1.37,13.26,9.41,96.54
0,8059954,823,-79,349.44,1.44,13.28,9.44,99.91
0,8068180,1109,-63,352.44,1.44,13.28,9.44,91.56
0,8074573,1349,-41,352.44,1.50,11.63,9.69,76.29
0,8081242,1548,-17,357.44,1.75,12.29,8.85,53.65
0,8088003,1642,-2,361.00,1.75,12.29,9.71,25.76
0,8097498,1651,2,364.56,1.62,11.23,9.68,-16.80
0,8107419,1491,29,366.87,1.31,11.59,9.68,-57.90
0,8114192,1240,34,366.87,1.06,11.08,8.92,-79.79
0,8121081,720,38,367.31,1.06,11.08,10.46,-94.42
0,8127266,352,28,366.19,1.00,11.79,10.46,-99.84
0,8135412,-24,-3,366.19,0.75,10.34,8.59,-95.16
0,8144082,-278,-27,362.50,0.69,11.70,10.09,-76.19
0,8151758,-339,-33,355.87,0.81,13.25,9.79,-49.61
0,8159614,-326,-37,351.25,0.81,13.25,9.24,-16.32
0,8168020,-297,-44,348.50,1.12,13.31,9.24,21.45
0,8173738,-241,-47,348.50,1.31,12.17,9.53,45.71
0,8180547,-54,-50,348.12,1.31,12.67,9.48,70.52
0,8188012,302,-54,348.31,1.37,12.67,9.34,90.02
0,8197698,789,-77,349.31,1.44,13.34,10.26,99.99
0,8207585,1124,-62,352.75,1.50,13.09,10.26,90.71
0,8214462,1385,-37,352.75,1.50,11.70,9.03,73.48
0,8221215,1572,-14,357.87,1.50,11.70,9.37,49.68
0,8227371,1651,-1,361.31,1.75,12.35,9.37,23.92
0,8235260,1657,2,361.31,1.62,11.15,9.49,-11.49
0,8242106,1580,18,364.87,1.44,11.60,9.65,-41.21
0,8249900,1339,35,367.00,1.31,11.05,8.43,-70.13
0,8258761,785,38,367.31,1.31,11.05,10.53,-92.38
0,8266600,366,30,365.81,1.06,11.72,10.53,-99.93
0,8272312,130,10,365.81,1.00,10.71,9.80,-97.59
0,8278199,-117,-12,361.44,1.00,10.71,9.80,-88.42
0,8286374,-286,-28,355.56,1.19,11.35,8.95,-65.57
0,8294819,-302,-32,355.56,1.50,13.09,10.03,-32.71
0,8302229,-281,-36,351.44,1.62,13.26,9.55,0.19
0,8309966,-234,-44,348.81,1.62,11.85,9.57,34.45
0,8318240,-66,-47,348.44,1.69,11.85,9.57,66.38
0,8323951,159,-49,348.44,1.75,12.54,9.82,83.28
0,8329876,521,-52,348.69,1.75,12.54,9.48,94.96
0,8337926,866,-79,349.87,1.81,13.16,9.48,99.90
0,8346408,1169,-58,353.44,1.87,13.36,11.05,90.95
0,8354805,1487,-26,353.44,2.12,11.65,8.90,69.06
0,8361258,1636,-5,358.56,1.94,12.36,9.70,45.33
0,8369328,1721,6,362.06,1.94,12.36,9.70,10.53
0,8375029,1714,8,362.06,1.56,11.04,9.26,-15.17
0,8381912,1622,29,365.62,1.37,11.55,9.63,-44.71
0,8388819,1394,40,367.56,1.37,11.55,8.87,-70.03
0,8398057,800,44,367.87,1.25,10.85,8.87,-92.97
0,8407081,362,31,366.12,1.06,11.53,9.74,-99.95
0,8413857,83,7,366.12,1.00,13.65,10.15,-94.37
0,8420644,-167,-17,361.37,1.00,13.65,10.15,-79.96
0,8426553,-260,-26,355.75,1.12,11.52,8.92,-61.27
0,8433368,-261,-29,355.75,1.44,12.81,9.58,-34.41
0,8440071,-245,-32,351.75,1.44,13.57,9.88,-4.81
0,8448685,-197,-41,349.06,1.62,13.57,9.48,33.48
0,8457908,-10,-43,348.81,1.69,11.99,9.48,68.78
0,8464949,292,-47,348.81,1.75,12.52,9.34,88.04
0,8471619,704,-54,349.12,1.75,12.52,9.50,98.16
0,8477584,911,-75,350.44,1.81,13.08,9.50,99.70
0,8485351,1198,-55,350.44,1.81,11.22,11.05,90.96
0,8491915,1454,-30,354.06,2.06,11.67,8.99,74.82
0,8500023,1650,-3,359.06,2.06,12.26,9.68,46.07
0,8509428,1758,9,362.69,1.87,12.26,9.31,5.34
0,8517486,1734,16,366.12,1.56,11.03,9.31,-30.59
0,8523189,1636,36,366.12,1.56,11.50,9.41,-53.86
0,8529085,1392,43,367.94,1.37,11.50,9.41,-74.16
0,8536932,837,47,368.25,1.25,10.91,9.23,-92.85
0,8544421,425,36,368.25,1.00,11.44,9.61,-99.91
0,8551600,122,10,366.56,1.00,13.59,10.41,-96.03
0,8560025,-196,-20,361.25,1.00,13.59,8.98,-78.77
0,8568268,-294,-29,355.44,1.19,11.49,8.98,-50.93
0,8573976,-281,-32,355.44,1.50,12.95,9.39,-27.27
0,8579891,-266,-35,351.31,1.50,12.95,9.89,-0.88
0,8588038,-215,-43,348.81,1.69,12.22,9.89,35.19
0,8597033,-27,-46,348.62,1.75,11.94,9.58,69.35
0,8604750,314,-50,348.62,1.81,12.54,9.26,89.81
0,8611918,730,-59,349.00,1.81,13.05,9.75,99.14
0,8619842,1001,-76,350.44,1.81,13.05,9.75,97.43
0,8625549,1210,-54,350.44,1.87,11.26,10.11,88.46
0,8631812,1446,-31,354.31,1.87,11.64,8.73,71.91
0,8639495,1625,-6,359.12,2.12,11.64,9.75,43.96
0,8648358,1712,4,362.62,1.87,12.28,9.75,5.43
0,8657879,1666,19,366.00,1.56,11.72,9.31,-36.74
0,8664799,1505,34,366.00,1.44,11.51,8.86,-63.59
0,8671744,1151,40,367.62,1.44,11.51,8.86,-84.32
0,8678257,644,52,367.75,1.25,11.03,10.73,-96.29
0,8685764,272,24,367.75,1.06,11.49,9.53,-99.78
0,8693116,-57,-6,365.94,1.00,14.41,11.13,-92.15
0,8700926,-269,-26,360.50,1.00,11.53,9.16,-73.03
0,8710251,-313,-32,354.62,1.25,13.26,9.16,-38.68
0,8718552,-294,-36,350.50,1.56,13.26,9.28,-2.18
0,8724259,-263,-42,350.50,1.69,12.25,9.86,23.41
0,8730365,-171,-48,348.50,1.69,11.99,9.79,49.03
0,8738671,97,-49,348.44,1.75,11.99,9.79,77.58
0,8748302,633,-56,348.87,1.81,12.82,9.29,96.96
0,8757752,944,-80,350.81,1.87,13.02,9.90,98.38
0,8764532,1184,-56,350.81,1.94,10.96,8.74,88.39
0,8771722,1452,-30,355.06,1.94,10.96,8.74,68.82
0,8777428,1591,-11,359.31,2.19,11.72,9.04,48.03
0,8784099,1666,1,359.31,1.94,12.35,9.60,19.81
0,8790872,1667,3,362.69,1.94,11.62,9.66,-10.67
0,8800352,1545,29,366.00,1.62,11.69,8.50,-51.03
0,8810380,1166,36,367.44,1.44,11.13,8.50,-83.55
0,8818825,568,50,367.19,1.31,11.13,10.86,-98.01
0,8824528,300,26,367.19,1.31,10.72,9.69,-99.83
0,8830517,25,2,365.19,1.12,10.72,9.69,-94.64
0,8838856,-239,-24,360.12,1.06,13.49,10.07,-76.10
0,8848604,-307,-31,354.44,1.25,11.66,9.59,-41.15
0,8858247,-290,-35,350.37,1.56,13.31,9.44,1.20
0,8865541,-238,-44,350.37,1.69,12.24,9.55,33.52
0,8872282,-111,-47,348.50,1.69,12.24,9.55,60.25
0,8878714,131,-49,348.50,1.75,12.04,9.98,80.61
0,8885682,545,-53,348.50,1.81,12.60,9.44,94.98
0,8894437,892,-80,348.94,1.87,13.04,9.91,99.70
0,8902852,1193,-55,350.87,1.87,10.89,9.16,89.69
0,8911257,1506,-24,355.50,1.94,11.71,9.16,66.88
0,8919308,1670,1,359.81,2.19,11.71,9.40,36.02
0,8925006,1725,6,359.81,2.19,11.04,9.40,11.06
0,8930903,1708,9,363.37,1.87,11.04,9.40,-15.52
0,8939181,1588,34,366.56,1.56,11.70,9.62,-50.57
0,8949100,1201,40,367.94,1.44,11.54,8.53,-82.98
0,8958909,539,49,367.56,1.25,10.94,10.07,-98.90
0,8966815,217,18,365.25,1.06,10.80,9.42,-97.82
0,8972774,-48,-6,365.25,1.06,10.80,9.42,-88.77
0,8978931,-213,-22,359.87,1.06,13.93,9.28,-72.70
0,8985578,-259,-26,359.87,1.25,11.51,9.82,-49.11
0,8994141,-246,-30,354.62,1.56,13.46,9.52,-12.58
0,9001995,-207,-38,350.69,1.56,12.01,9.58,22.70
0,9011343,-59,-43,348.94,1.69,12.11,9.58,60.65
0,9019404,249,-46,349.06,1.75,12.11,9.46,85.01
0,9025118,596,-48,349.06,1.75,13.06,9.37,95.65
0,9031032,847,-66,349.56,1.81,13.06,9.37,99.96
0,9038958,1132,-62,351.56,1.81,13.28,9.77,94.62
0,9047299,1457,-30,356.19,1.94,11.15,9.06,76.04
0,9055595,1665,-1,356.19,2.12,11.70,9.64,46.96
0,9064325,1773,10,360.50,2.12,10.97,9.28,9.39
0,9071324,1763,15,364.12,1.81,10.97,9.28,-22.06
0,9077026,1686,34,367.12,1.50,11.82,9.51,-46.20
0,9083220,1472,44,367.12,1.50,11.48,8.76,-68.92
0,9091443,959,47,368.50,1.37,11.33,9.86,-90.53
0,9101092,415,35,368.19,1.19,10.97,8.97,-100.00
0,9110885,4,-1,365.31,1.06,13.35,8.97,-90.45
0,9119054,-233,-23,359.25,1.00,13.35,8.97,-68.95
0,9124760,-271,-28,359.25,1.00,11.53,9.52,-48.19
0,9130547,-259,-31,354.50,1.25,11.53,9.52,-23.88
0,9138101,-240,-35,350.56,1.56,13.51,9.85,10.03
0,9146084,-164,-43,350.56,1.69,12.19,9.49,44.52
0,9154815,81,-45,348.87,1.75,11.90,9.67,75.54
0,9163619,553,-49,349.00,1.75,13.13,9.67,95.03
0,9170763,849,-70,349.50,1.81,13.13,9.67,100.00
0,9176465,1049,-71,349.50,1.87,13.19,9.48,96.52
0,9182571,1277,-47,351.81,1.87,11.09,9.48,85.74
0,9190749,1557,-17,356.56,1.94,12.28,8.88,61.35
0,9200508,1720,6,360.56,2.12,11.06,9.76,21.74
0,9210036,1744,11,364.12,1.87,11.06,9.39,-21.01
0,9218328,1616,32,367.00,1.56,11.93,9.42,-55.36
0,9224288,1386,43,367.00,1.56,11.46,9.42,-75.53
0,9230441,970,45,368.25,1.44,11.46,8.75,-90.63
0,9237369,482,42,367.94,1.25,11.40,9.88,-99.24
0,9246178,83,7,367.94,1.06,10.82,8.89,-96.24
0,9254407,-214,-21,365.06,1.06,13.74,8.94,-79.77
0,9264134,-309,-30,358.62,1.06,13.10,8.94,-46.50
0,9271132,-294,-34,353.44,1.37,13.10,9.48,-16.64
0,9276837,-274,-39,353.44,1.37,13.34,9.87,9.07
0,9282963,-223,-45,349.69,1.62,12.24,9.87,35.96
0,9291188,-33,-47,348.50,1.75,12.81,9.58,67.41
0,9300944,422,-51,348.69,1.81,12.92,9.42,92.50
0,9311023,852,-78,349.37,1.87,12.82,9.87,99.78
0,9319237,1132,-61,351.94,1.94,12.82,9.31,90.59
0,9325002,1348,-41,351.94,1.94,11.20,9.31,76.61
0,9331006,1532,-19,356.69,2.00,11.20,8.82,56.57
0,9337935,1634,-3,360.37,2.19,12.33,9.76,28.40
0,9346581,1651,0,363.87,1.94,11.06,9.25,-10.28
0,9354620,1556,18,363.87,1.94,11.68,9.05,-44.98
0,9364305,1226,34,366.62,1.62,11.08,9.05,-78.61
0,9371298,756,37,367.44,1.50,11.08,10.55,-93.93
0,9377013,402,34,366.69,1.50,11.72,9.65,-99.58
0,9383304,115,9,366.69,1.31,10.55,9.65,-98.15
0,9391437,-197,-19,363.62,1.19,14.17,8.58,-84.69
0,9401339,-334,-32,357.56,1.12,13.10,9.35,-53.33
0,9411443,-323,-36,352.56,1.44,13.11,9.34,-10.54
0,9419320,-281,-45,349.19,1.69,13.11,9.69,24.80
0,9425266,-207,-48,349.19,1.69,12.03,9.69,49.65
0,9430977,-42,-50,348.25,1.81,12.03,9.80,70.17
0,9437623,272,-54,348.44,1.81,12.80,9.52,88.11
0,9445606,722,-63,348.44,1.81,13.27,9.98,99.14
0,9454763,1027,-73,349.19,1.87,12.70,10.03,96.03
0,9464745,1408,-35,352.00,2.00,11.73,10.03,74.25
0,9471687,1604,-9,357.12,2.12,11.73,9.16,49.94
0,9477398,1683,3,360.81,2.12,12.40,9.59,26.16
0,9483430,1703,5,360.81,1.81,10.98,9.59,-0.81
0,9491146,1639,19,364.44,1.44,11.63,9.55,-34.94
0,9500997,1369,37,367.19,1.37,10.94,8.11,-71.90
0,9510870,759,42,367.87,1.12,10.94,10.65,-94.86
0,9519118,349,29,366.87,1.00,11.82,9.62,-99.87
0,9524826,107,9,366.87,1.00,10.57,9.62,-95.26
0,9530779,-130,-13,363.69,1.00,10.57,9.02,-83.74
0,9537243,-253,-25,357.69,1.31,11.42,9.87,-64.43
0,9545348,-263,-29,357.69,1.31,13.08,9.40,-32.75
0,9554924,-243,-33,353.19,1.56,13.46,9.55,9.92
0,9565039,-131,-44,349.75,1.62,12.21,9.55,52.85
0,9572033,72,-44,348.87,1.69,12.21,9.97,76.63
0,9577739,366,-48,349.06,1.69,12.41,9.18,90.49
0,9583856,736,-56,349.06,1.75,13.47,9.18,98.67
0,9592230,1030,-73,349.87,1.81,13.08,9.89,97.69
0,9602185,1418,-34,352.62,1.94,11.64,10.46,78.65
0,9612051,1681,0,357.87,2.06,12.35,9.33,44.30
0,9619869,1784,12,361.62,1.69,12.35,9.35,10.52
0,9625811,1782,14,361.62,1.69,10.96,9.35,-16.25
0,9631521,1718,30,365.37,1.44,10.96,9.59,-40.91
0,9638163,1521,44,367.87,1.31,11.33,8.19,-66.08
0,9646232,1062,47,367.87,1.31,10.93,10.43,-88.51
0,9655467,478,41,368.75,1.06,11.43,9.35,-99.78
0,9665609,50,4,367.69,0.94,10.96,9.35,-92.41
0,9672744,-193,-19,363.75,1.00,10.96,9.66,-75.53
0,9678641,-264,-26,357.44,1.00,11.59,9.72,-55.58
0,9684931,-255,-30,357.44,1.31,12.97,9.72,-30.02
0,9693191,-238,-33,353.12,1.56,13.53,9.75,6.85
0,9702830,-144,-43,349.69,1.69,12.04,9.55,48.33
0,9712644,152,-44,349.00,1.69,12.43,9.87,81.24
0,9720632,605,-49,349.19,1.81,12.43,9.47,96.60
0,9726535,845,-67,349.19,1.81,13.31,9.47,100.00
0,9732479,1057,-71,350.12,1.81,13.31,9.73,96.26
0,9739120,1310,-45,353.06,1.94,11.16,10.92,83.94
0,9749005,1617,-9,358.12,2.06,11.74,9.68,52.20
0,9758935,1757,9,361.81,1.69,12.24,9.37,10.00
0,9767807,1750,17,365.44,1.69,11.14,9.37,-29.65
0,9773693,1656,35,365.44,1.44,11.14,9.60,-53.73
0,9779453,1423,43,367.75,1.44,11.36,8.80,-73.64
0,9785518,1024,46,367.75,1.31,10.91,9.98,-89.21
0,9793998,454,38,368.56,1.12,11.26,9.98,-99.64
0,9803307,48,4,367.56,1.00,13.49,8.95,-94.42
0,9812820,-254,-25,363.19,1.06,11.61,10.53,-72.09
0,9820785,-306,-31,356.62,1.37,11.61,9.64,-43.04
0,9826491,-291,-35,356.62,1.37,13.11,9.64,-18.58
0,9832414,-274,-38,352.25,1.62,13.11,9.81,8.09
0,9839140,-220,-45,349.12,1.69,13.43,9.68,37.57
0,9848990,25,-47,348.56,1.75,11.89,9.59,73.83
0,9858397,501,-52,348.87,1.81,12.85,9.66,95.08
0,9867324,864,-79,350.00,1.81,12.78,9.66,99.61
0,9873583,1079,-67,350.00,1.81,11.01,9.43,93.17
0,9879532,1298,-46,353.25,1.81,11.01,10.76,80.16
0,9885488,1499,-24,353.25,2.00,11.71,10.76,61.36
0,9893321,1632,-3,358.19,2.06,12.29,9.79,30.17
0,9902928,1661,1,361.56,1.75,11.68,9.23,-12.76
0,9912735,1526,26,365.06,1.50,11.67,9.82,-54.08
0,9920801,1227,35,367.19,1.50,11.67,9.10,-80.53
0,9926510,821,37,367.19,1.44,11.15,9.10,-93.00
0,9932413,411,36,367.56,1.19,11.15,9.63,-99.40
0,9938263,131,11,366.25,1.19,11.57,8.68,-98.80
0,9946960,-206,-20,366.25,1.06,13.53,10.76,-85.34
0,9956269,-345,-33,362.12,1.12,12.16,9.50,-56.59
0,9965888,-336,-37,355.56,1.44,12.97,9.50,-16.58
0,9972790,-306,-43,351.00,1.69,12.97,9.78,14.50
0,9978494,-257,-48,348.56,1.69,11.96,9.78,39.26
0,9984645,-118,-50,348.56,1.75,11.87,9.53,63.00
0,9992210,194,-54,348.25,1.81,12.82,9.51,85.40
0,10001285,701,-64,348.50,1.87,12.82,9.99,99.07
